"PlaylistId","TrackId"
1,57
14,3454
1,1182
5,2489
1,3402
1,2202
5,1449
5,266
5,1582
1,77
1,3460
1,1357
1,1606
1,318
8,160
1,2550
8,1371
8,1880
1,2357
1,2152
1,2652
8,659
8,750
1,3027
8,1613
5,2393
8,2114
1,2176
5,572
8,1672
8,1624
1,3501
1,2447
8,2972
8,258
5,1428
8,24
5,3371
8,2641
8,200
10,3248
5,977
5,1565
1,2463
1,2090
1,2030
1,2736
8,2505
1,1816
1,2180
8,3039
8,2162
5,1699
8,3084
1,1042
8,168
5,1099
8,3145
8,879
5,1177
5,1320
8,3124
1,15
5,174
8,2501
8,673
1,1528
1,2085
8,2187
8,1917
5,2193
8,2184
8,3416
8,1630
8,1399
1,936
1,621
1,1927
1,1906
1,2337
1,1959
8,1718
1,1325
5,1424
1,1705
8,2780
10,2822
1,1303
1,2165
5,1066
1,1204
8,1429
1,1783
1,731
1,1467
1,776
8,764
8,2308
8,2963
1,1442
8,1833
5,208
5,84
8,3007
8,194
1,2207
1,396
8,820
1,2354
1,2551
1,2280
1,1880
1,1769
8,3161
8,2745
1,2238
1,1684
8,1550
3,2907
12,3498
1,2217
5,2545
1,1667
1,2804
1,1947
5,2315
8,2510
8,2692
8,2943
1,2181
10,2910
5,2410
5,471
1,665
8,1868
1,675
1,1735
8,1602
1,1023
8,1732
8,1386
1,336
5,798
8,3336
1,2653
8,1932
8,1486
8,2084
8,711
8,1866
1,42
8,2015
8,3098
8,832
1,1693
5,773
8,3461
8,2523
8,143
5,915
8,900
8,40
1,278
8,751
1,1718
8,2137
8,2393
1,395
8,215
8,1178
5,2239
8,2671
8,519
8,1976
5,252
1,2992
1,147
8,1589
1,788
5,3164
5,3160
1,2270
3,3242
8,3126
8,1353
3,2855
1,808
1,2183
1,1954
1,2080
1,2728
1,1911
8,2775
8,1525
1,448
1,1850
1,844
8,68
5,1452
1,720
8,3318
1,2328
5,1223
8,8
5,303
8,2073
1,2072
1,3456
1,131
1,3254
5,835
8,3317
8,2703
1,3066
8,2698
8,483
1,577
8,81
5,860
5,2362
8,3353
1,3435
8,1180
1,1370
1,2059
1,382
1,1815
8,514
5,1583
1,973
1,2376
5,1980
1,102
1,2019
1,2813
1,498
1,2336
12,3431
5,2005
1,943
1,3334
1,2469
1,2136
1,1968
8,2449
1,1151
5,925
8,2721
1,2145
1,3285
8,1320
1,2353
8,597
5,271
1,1052
8,1918
1,58
1,361
8,145
1,1949
1,1737
1,364
8,3109
1,227
5,944
1,2928
5,58
8,741
10,3342
8,2953
8,2804
8,2974
8,1253
1,1619
5,894
1,159
1,1036
8,864
1,287
3,3208
5,2311
5,2358
8,2650
10,2919
1,1785
1,3106
8,989
8,683
8,1645
1,3136
8,3470
8,1528
1,1409
1,33
1,1362
1,2242
1,1158
15,3409
3,2901
1,2114
5,2470
8,2233
10,3185
8,2284
8,827
8,1122
1,3046
1,1867
8,3089
1,2593
8,2679
1,878
8,104
1,2748
8,2129
1,82
5,1331
5,3311
8,830
8,2713
8,2528
8,1945
8,2472
8,374
8,1244
5,29
1,93
1,2321
5,2546
1,2436
1,2669
8,2292
1,1548
1,2690
8,3286
1,1124
8,433
5,1458
8,3359
1,138
8,2561
5,60
8,1806
8,2121
10,2923
8,1637
10,3179
8,2569
5,2060
5,2631
1,3123
8,2309
8,1194
8,2123
8,1331
1,3327
8,3469
5,1090
1,2980
1,2002
1,729
8,1093
8,793
5,2113
8,2252
1,1217
8,3465
8,3128
5,1872
1,3418
8,2094
1,2651
1,638
5,1411
1,417
8,2799
8,642
8,1551
8,3159
5,1451
5,1162
5,451
13,3480
5,1266
1,757
8,2169
8,3366
10,3237
8,727
5,2598
8,1397
10,3216
5,818
8,787
8,1509
1,2160
1,1001
8,2716
8,70
1,2252
1,651
5,2374
8,1570
8,2427
8,777
1,1687
16,2003
8,462
1,2375
10,3186
1,832
8,1336
5,3009
5,1231
1,37
1,254
1,200
8,1042
10,3211
8,3085
1,3358
1,2948
8,2174
3,3220
1,1350
8,666
1,2429
1,779
8,2378
5,517
1,166
8,3087
1,205
8,2366
8,2796
1,3060
1,615
8,1325
8,2616
5,2298
8,1061
1,1569
1,1788
8,2803
8,1721
5,2794
8,267
1,1265
10,3227
5,1071
1,3288
8,204
8,1227
5,3279
10,2908
5,417
1,793
3,2920
5,1569
1,3405
8,1418
8,1680
1,418
5,1312
1,2525
5,2359
1,1861
5,3447
10,3168
8,537
8,828
5,2788
5,3139
5,2514
5,3318
1,2498
1,1745
1,1456
8,1462
8,363
8,151
5,299
15,3425
5,3485
8,2159
8,2517
8,663
1,2638
8,79
1,1857
1,2798
8,2556
8,2163
8,3009
8,391
8,370
8,2167
1,1105
8,2398
8,3387
8,2076
8,1699
8,354
8,2806
8,1615
8,2303
1,239
8,322
1,1809
8,1819
8,2522
8,1539
8,1971
5,28
1,672
5,2493
8,534
8,181
1,445
8,1524
1,1211
3,3207
8,1103
8,56
3,3247
8,27
8,2179
1,2016
1,1341
8,681
5,2203
1,509
1,1307
8,1156
5,215
1,1872
5,2162
8,541
1,1312
1,1087
1,71
1,2663
1,2309
12,3497
1,299
8,3131
3,3363
8,1851
1,2306
1,858
8,634
3,3246
5,2791
8,335
1,161
1,1579
8,3256
8,908
8,338
1,1172
8,2362
8,1186
8,2408
8,2054
14,3452
8,3143
5,1305
10,2911
10,3228
1,3357
8,2151
1,3032
10,2829
8,1750
5,829
1,1475
8,3019
12,3490
8,1884
8,2295
8,636
5,2343
5,2596
1,820
1,3077
8,639
1,868
8,1474
8,887
1,3493
1,1629
8,608
1,1881
8,1504
8,1355
8,1217
1,2470
8,2439
5,906
8,2935
5,2134
8,125
1,2053
5,260
10,3201
8,438
5,2981
1,510
8,1877
5,3410
1,3407
14,3442
8,3002
5,2652
5,456
1,1696
8,2355
1,762
8,297
1,1313
5,832
1,2010
1,2093
8,1879
8,2442
1,2220
8,2994
8,2031
8,1518
1,1922
8,1667
5,3285
1,1266
1,574
8,1398
8,187
5,2517
8,1283
1,1908
1,62
1,802
8,334
8,1864
1,31
8,3313
8,785
8,1265
3,3191
1,245
8,1225
8,2337
1,656
8,1368
1,717
8,3023
1,804
1,1653
8,646
5,1232
8,3457
8,6
8,713
8,1267
8,2281
8,1536
8,2455
1,303
5,26
8,3287
8,409
1,466
8,349
8,675
8,702
8,982
10,3170
8,1456
12,3442
1,1575
1,1411
8,1028
5,2047
8,1269
1,1919
1,2659
3,2829
1,2751
5,1110
8,2088
8,2429
1,1324
1,345
1,1541
8,76
8,377
8,876
5,1997
8,367
1,691
8,3417
1,1416
8,753
5,2337
8,247
8,596
8,2249
8,2189
8,991
3,2868
1,2723
1,611
8,2808
1,1471
1,3499
1,401
1,1627
1,1320
3,2884
10,2863
3,2918
1,1520
1,1915
1,1094
1,3278
1,2355
5,3421
3,2876
1,917
1,2158
8,715
1,481
8,280
8,2581
5,1028
8,2050
1,291
1,1616
1,951
1,1166
8,2537
1,2212
8,1649
8,915
5,2152
10,3221
1,3145
1,256
5,3315
10,2851
8,2949
8,2527
1,2225
8,1050
1,372
8,631
5,1412
8,2320
8,2268
8,1340
8,1339
1,756
1,248
10,2887
1,2285
8,1105
8,1747
5,1441
5,1256
1,1921
8,232
1,3300
1,2159
5,2566
1,2069
8,2204
8,1603
1,2123
5,2448
8,423
3,3348
5,2056
5,1454
5,2484
8,271
5,1265
8,3422
1,3394
8,1457
10,3207
8,379
1,3290
11,874
10,2833
5,852
8,2410
10,2924
12,3486
1,2313
8,2403
3,3206
1,563
5,49
8,1485
8,156
5,1671
1,447
8,3040
1,282
8,2460
8,1454
8,1986
8,1395
8,1127
1,392
1,3008
5,596
1,423
1,2490
8,2592
1,3292
11,738
1,2419
14,3449
1,2981
8,3439
1,2594
1,1746
1,1021
8,2784
8,2798
8,2983
5,1804
5,2706
1,3155
1,19
1,2779
1,2697
8,3123
3,3185
8,1653
3,3175
5,777
8,1438
8,201
8,234
1,2626
8,921
8,740
3,3202
8,1215
5,2690
8,2155
1,949
8,44
1,2418
8,1104
1,2608
10,3191
5,1568
8,1771
8,2473
1,1458
8,3302
8,2083
8,154
8,2131
1,1568
5,2985
8,1168
5,2699
1,1009
8,318
8,2279
8,2710
1,1888
8,1452
5,935
1,2680
1,2556
8,1827
11,867
1,1365
1,35
5,2595
1,3107
1,1130
5,1585
1,1393
8,2555
1,24
1,805
8,1638
5,54
8,1830
1,1977
5,81
1,2499
10,2864
1,2066
1,1654
8,1952
1,2005
8,1346
8,2413
1,682
1,1875
1,792
1,2412
8,43
5,470
5,1674
5,2805
8,1188
8,1858
10,2891
5,300
8,3052
8,2979
1,1415
1,2532
8,1530
5,921
1,1093
5,1992
1,705
3,3205
5,39
8,1470
8,660
5,337
8,3042
8,664
3,2905
5,274
1,384
1,1284
1,1352
1,1069
10,3360
1,2091
1,1242
1,1330
11,391
8,2633
8,3472
8,909
5,167
10,3233
8,3484
8,1214
1,3113
8,988
8,970
5,2253
1,2496
1,1892
8,3370
5,2008
8,1313
8,644
1,284
1,913
8,686
5,1675
8,1007
5,447
1,1427
8,2007
1,1131
1,2506
1,2941
1,2756
1,2985
5,865
12,3501
5,1447
1,154
5,2250
5,2446
1,2269
1,3033
8,500
12,3425
5,80
5,1429
8,1140
10,3362
1,3083
5,249
1,484
8,432
8,911
1,2157
1,2012
8,1155
5,2804
1,3365
1,1715
8,2370
8,840
1,2276
8,1822
8,1727
8,3483
12,3481
8,1553
5,3437
1,310
8,1818
10,2830
5,301
12,3445
8,210
1,354
5,2799
5,2049
8,3005
8,1363
1,1961
1,3137
5,1315
1,2471
8,1980
1,2056
1,2514
17,1945
1,1664
5,2370
1,877
1,1511
10,3203
1,1671
8,2192
5,3141
8,2386
5,2407
3,3250
1,627
8,1552
1,1527
1,1162
8,491
8,2984
8,1421
1,1268
8,1622
1,2544
8,535
1,2298
5,2469
1,741
8,1608
5,1416
8,3103
1,302
1,1354
5,3482
8,415
1,6
8,1801
1,1059
8,1774
1,32
5,2010
8,241
8,546
1,179
1,229
8,667
8,1506
8,1328
1,315
1,875
8,1544
1,1835
1,1801
1,3014
8,1484
1,958
8,547
10,3205
8,655
1,2773
8,1532
8,2149
1,1519
5,1318
1,1740
1,819
8,1682
8,1362
5,870
1,30
8,1065
1,3376
5,1091
1,4
1,2109
5,1164
5,2512
5,953
8,1436
1,1744
1,982
1,2805
1,1802
5,2197
5,2002
8,851
5,828
5,1179
5,768
8,2769
5,1971
8,162
1,1953
8,296
5,2806
8,1109
1,1791
8,709
5,438
5,3225
5,523
10,2884
1,1549
5,509
8,1548
1,873
8,2358
1,2248
11,501
8,2263
1,1820
1,3277
1,2507
1,2494
8,3097
1,1738
5,1432
8,345
1,3465
8,2211
1,3377
1,3496
8,2027
1,1767
1,450
8,3312
9,3402
5,2727
10,2824
8,372
8,175
1,1375
8,886
1,3366
8,2346
8,2175
1,1150
8,1754
8,1924
1,652
1,1936
1,525
1,223
8,622
1,1755
8,1223
5,923
1,3427
5,3439
5,805
8,589
1,1488
8,2215
8,1799
5,270
1,2510
8,2762
1,3393
5,1027
8,2418
1,891
1,2607
1,590
8,986
8,747
8,998
1,1770
8,361
1,3386
8,159
1,2795
8,3111
13,3499
13,3481
11,1093
1,1109
5,2297
13,3497
5,457
8,2961
1,531
8,1899
8,2675
1,2169
1,277
5,2153
8,2357
11,1088
1,3279
1,3448
8,3374
8,1248
1,3488
8,380
1,1774
8,57
8,590
5,2721
8,300
8,95
1,1508
1,2478
5,1848
8,2464
8,2138
8,115
5,2718
1,571
1,3079
1,3096
1,2554
8,2092
8,1459
1,2295
10,3175
8,1422
1,572
8,444
1,116
1,2757
1,462
8,113
3,3192
8,2380
5,2567
8,1044
8,2134
1,1031
1,271
8,3031
1,3084
8,724
8,1763
1,612
1,2446
8,2152
1,44
5,1109
1,2153
8,2411
8,2115
5,905
1,1831
8,761
1,886
8,2146
8,754
1,1115
1,1817
8,990
8,1612
8,1599
1,883
1,513
5,3367
16,2516
1,2683
8,1287
3,2854
8,717
1,185
8,2485
8,28
1,721
5,255
5,2132
5,2653
12,3403
8,12
1,2255
5,3312
5,307
8,548
8,1074
1,1049
8,1210
1,2990
1,2493
1,2201
1,521
10,2903
8,884
11,2758
8,3382
1,1270
1,3297
1,2146
5,978
1,1127
5,2426
1,2943
8,344
1,3274
8,3092
5,166
8,2694
8,513
8,1614
8,3381
5,3142
1,2935
8,196
8,2417
1,3417
5,2565
1,1642
5,453
8,22
1,3439
1,1530
5,3138
8,1802
11,885
1,12
5,3148
1,1120
8,1392
8,2765
1,113
5,2308
8,1726
8,2538
1,3293
1,824
5,46
1,953
1,3406
8,2609
8,578
1,2303
8,606
8,1984
1,1003
3,2915
8,473
1,1332
1,1368
1,2277
1,1937
5,2928
8,2049
1,634
1,489
8,1761
1,2665
8,3066
8,1389
8,801
1,549
8,902
1,2681
5,1186
3,3216
1,97
1,2710
8,1610
1,1465
8,230
8,765
1,1123
1,1032
1,2428
8,2988
1,92
1,2489
1,2402
5,800
1,1559
17,1283
8,485
17,1830
5,976
1,2947
8,3297
8,3462
5,416
10,2820
8,629
5,1396
3,3228
5,2157
8,3268
1,3001
8,63
8,2738
1,1532
1,898
8,509
8,2515
1,2266
3,2871
1,915
10,2847
5,1072
8,1765
5,1807
1,3368
1,1207
8,195
8,3492
1,2095
1,669
8,2754
1,1272
1,1834
8,1634
1,2472
5,409
8,3290
8,2069
8,2725
8,3328
8,106
8,1635
8,2056
5,1334
1,2742
3,3343
5,2204
1,701
8,501
1,163
8,691
8,3309
13,3495
3,3198
1,2065
5,2701
8,2025
8,516
5,3449
1,463
5,78
1,1092
5,941
8,930
8,1219
5,518
1,2987
1,129
8,1545
1,1776
8,3454
1,837
5,121
1,736
8,971
5,2789
5,1182
1,1678
5,412
1,2040
17,4
1,1276
5,2114
8,498
8,311
1,2558
8,1116
1,132
8,2635
8,1769
8,1903
5,2244
1,3389
1,2302
1,441
1,3026
1,2293
8,3352
1,1024
1,2111
1,2260
8,1562
1,1887
8,759
1,475
1,2452
1,2562
5,2243
8,2186
1,1233
1,3315
10,3197
1,2745
12,3494
8,248
1,3262
8,97
1,2170
1,2467
1,2379
1,1748
1,430
1,2395
11,1519
8,794
1,1964
5,2205
8,893
8,1359
5,3030
1,1192
5,2983
5,483
8,2689
8,504
1,1505
1,28
8,2459
17,1
5,914
17,1380
1,515
1,795
8,2079
10,3215
1,963
5,875
1,2584
1,250
5,951
1,1818
1,941
1,2378
1,2389
1,983
1,51
5,3436
1,3367
8,2649
1,939
1,2188
8,2659
5,3010
1,3064
1,2810
8,1639
1,1100
12,3444
8,556
8,3307
5,3093
5,774
8,1996
5,1112
8,958
5,448
1,449
8,1497
1,186
1,2677
8,3261
8,795
5,1175
8,2783
1,1053
8,1999
8,3275
5,2342
5,111
8,2753
5,1867
5,2303
1,2230
5,2729
1,167
1,584
5,1996
5,1570
1,704
15,3419
8,365
1,2580
8,554
8,80
5,3047
8,252
1,2753
8,2476
5,2200
1,767
5,180
8,1647
1,2623
5,2712
14,3437
5,193
1,831
5,2962
8,2971
5,1581
8,1724
1,1623
1,690
1,727
10,3240
8,3027
15,3406
10,3345
8,1692
8,1372
1,175
1,344
8,3134
5,1688
8,1964
1,755
8,2223
5,2597
8,798
1,300
1,3101
8,2797
1,1145
1,160
1,2678
1,2724
8,853
8,2381
5,275
1,646
5,1311
8,132
1,3452
8,86
5,2715
1,2459
1,204
8,1097
8,973
1,3332
17,3290
1,2390
5,175
1,3078
1,419
1,1840
5,2816
5,586
1,3489
1,2456
5,942
1,1273
1,647
1,460
1,796
8,1535
1,964
1,1703
17,1392
8,1080
10,3234
1,2966
1,3118
8,456
8,2104
8,1669
5,277
1,3074
1,1550
1,2808
8,3132
1,237
1,684
8,2965
12,3439
1,512
1,526
3,3218
8,966
1,2615
5,1986
8,508
8,729
8,3446
5,52
5,344
1,1077
8,3119
1,2800
1,2815
1,351
1,1586
5,2425
1,115
14,3441
8,3354
1,3433
8,2610
8,1631
1,956
8,560
8,1597
1,1006
1,975
1,1812
1,262
5,903
5,2685
1,998
8,863
1,1345
1,85
3,2898
1,1140
8,899
15,3415
10,2886
1,1563
8,3464
8,1881
3,2859
5,464
1,2991
1,2259
5,1403
5,855
1,1463
1,635
1,230
1,2582
8,2928
1,1377
1,1259
1,540
5,817
8,954
1,1865
5,2402
5,1498
1,777
8,1054
8,2495
8,1941
1,140
8,1137
8,2246
1,1890
5,1974
1,3487
12,3415
1,783
1,246
1,3044
8,1207
1,134
8,1069
5,2126
8,35
8,835
1,182
8,974
8,1417
1,1232
1,109
1,1103
1,2219
8,2791
5,1998
8,1790
8,1441
8,1804
5,3079
5,2366
8,1793
8,1521
1,2364
1,2750
8,1149
8,1633
10,3183
8,1713
8,1478
3,3342
8,2539
8,2506
1,1449
8,1107
1,1903
5,3136
1,843
1,3291
8,2589
8,480
1,38
1,698
8,3038
12,3488
11,393
5,5
1,2540
8,1876
1,1516
8,182
8,850
8,2691
8,2265
8,1416
8,2161
5,1822
8,2041
8,3430
8,2350
8,3325
10,3174
1,2079
8,880
8,425
3,3172
10,2861
8,1729
5,1310
1,2142
8,2678
8,229
1,108
5,3050
1,234
1,1191
8,2446
1,3049
1,553
8,3056
8,2450
8,2482
5,3011
8,2805
8,651
8,2438
1,1107
8,3401
5,2551
10,3361
10,3200
5,922
1,2078
1,347
8,1387
1,2661
1,2346
11,888
8,2324
1,932
8,1128
1,432
5,3490
1,2636
8,1953
8,3482
1,3455
8,2524
8,114
5,1415
1,1990
5,2301
3,2909
8,2493
1,1540
8,1460
1,1896
1,2243
1,2164
8,465
8,1904
8,2426
5,924
8,238
8,1323
8,3332
8,1131
1,618
1,1074
1,21
8,2342
8,2063
10,2835
5,2062
1,1847
8,1318
8,2496
8,1471
8,1489
12,3449
5,3424
1,1941
8,512
5,2711
5,2982
5,2136
1,1773
8,2198
1,89
8,1086
8,1905
5,77
8,1853
5,2154
1,3287
8,1234
8,810
1,1177
1,1679
1,2515
5,3016
8,316
8,2220
1,798
1,2150
8,804
8,2214
5,863
1,1994
1,931
5,55
1,1891
1,1724
8,3368
5,177
8,2016
8,146
5,479
1,1226
8,260
1,2074
3,3230
1,1293
8,2208
1,1648
8,2170
8,857
1,3266
1,2483
1,1317
1,2385
1,3275
1,587
8,3412
1,2634
5,2284
8,1781
1,483
8,1664
1,3052
1,2134
5,1676
13,3490
8,2999
8,1700
1,2423
1,1072
5,1465
1,3268
8,2944
8,277
5,897
1,2407
8,2005
1,3478
1,617
5,2599
5,1531
8,3300
8,595
8,1481
8,1262
8,1607
8,821
5,1397
1,1300
5,823
8,2665
1,1690
1,733
8,1166
1,1743
5,192
1,1613
1,1407
10,2896
5,1440
8,771
8,405
8,1191
1,2612
5,3435
8,699
5,1214
1,2691
8,665
8,3151
1,1928
8,82
1,3309
1,2245
1,2151
3,3180
1,1632
8,489
5,2397
5,2926
1,1607
5,1504
14,3438
1,148
1,1502
1,170
5,1064
8,746
8,1686
5,2305
1,1359
1,580
8,242
1,1461
8,50
1,1567
1,2610
5,418
1,3401
1,1489
8,2642
1,476
8,1784
8,3011
10,3220
8,3257
8,1843
8,2181
5,1817
5,1462
5,931
8,1516
1,1479
8,2022
8,650
1,2780
5,2543
8,582
8,193
1,2108
1,1976
1,292
8,1744
8,2178
8,615
1,1078
5,2127
1,1657
1,290
1,2413
1,2034
1,1963
1,1348
5,37
1,1327
1,2939
8,2942
8,1559
1,1732
5,221
8,281
8,3322
1,2488
8,616
8,3037
8,2316
5,3151
8,1190
5,591
1,219
8,3498
8,688
8,941
1,2256
8,3436
8,2341
1,838
5,1524
1,473
8,1085
14,3447
5,802
8,2789
8,3156
8,2657
8,1993
1,1043
1,2284
8,685
8,3487
5,3101
5,2369
1,874
1,2334
5,1575
8,2296
5,3080
8,2431
8,3333
5,1218
5,3354
3,3339
5,1159
11,1518
8,3127
1,1220
5,1679
8,427
8,910
3,3189
8,417
8,2977
1,3034
8,1135
1,366
1,1260
17,1801
5,2704
8,776
1,1236
8,1794
8,1706
8,1919
8,1943
5,803
5,2984
12,3446
5,1406
1,2592
3,2843
1,2138
1,504
8,1458
5,834
5,857
8,1500
8,2634
8,3054
8,2314
8,1969
8,244
5,1094
8,1897
8,2578
1,207
8,831
1,885
8,993
1,1134
8,482
1,2383
5,2336
1,2770
1,497
1,2811
8,2231
1,655
5,1326
8,2606
1,1085
8,2531
5,1307
1,73
8,871
1,575
8,1937
1,1392
1,527
8,1369
8,1076
5,476
1,1163
5,3005
5,869
8,1798
5,1092
1,1201
8,932
1,903
5,2247
1,2465
8,2526
1,2116
5,2808
8,1125
8,3141
5,170
1,454
8,3255
1,734
8,1782
8,2463
8,1276
3,2925
1,809
5,38
5,1306
8,1668
1,1514
8,3279
5,570
8,3144
1,2393
8,2777
1,2997
1,679
8,1404
8,918
8,2976
8,1867
17,5
1,2410
5,2164
5,1521
1,759
1,2629
8,488
1,586
1,2017
8,2602
1,1826
1,359
8,1383
1,2014
8,536
8,2168
8,120
5,1871
5,2714
1,3103
10,2892
8,797
1,2189
8,407
1,3130
8,1841
8,581
8,2061
8,723
1,3028
10,3213
1,3403
8,2040
8,2423
8,3495
1,1609
10,2883
1,807
5,1523
8,647
8,1910
1,3494
3,2828
8,1777
1,457
1,1823
1,3294
8,3499
1,317
8,2668
8,2109
10,3241
1,957
1,1713
8,1252
1,1628
8,527
10,2826
8,1022
8,843
3,2897
5,1846
10,2879
1,1424
1,3373
1,3131
5,311
8,530
8,2511
8,2930
1,1518
1,2799
8,881
1,2674
1,1972
1,1799
5,50
5,1444
8,1883
1,3135
8,2141
1,3498
1,2688
5,526
8,3158
8,3435
8,1753
8,2394
1,1624
8,1358
8,3000
1,1152
1,689
1,2668
8,1492
5,3372
8,235
1,1591
1,3324
3,2852
1,863
8,2243
3,3168
8,2782
8,2001
1,570
10,3224
8,1123
10,2848
5,264
10,3238
3,3166
1,2963
8,943
8,443
8,734
15,3422
1,1543
8,2570
8,2029
8,1565
8,714
1,888
8,2244
1,2317
5,1426
1,2482
1,314
8,51
8,2036
5,1425
1,444
1,866
1,2786
5,1820
1,1580
1,480
8,3289
8,1354
8,3398
8,1012
3,2865
8,926
1,1806
12,3489
5,1220
1,1181
1,599
1,1238
8,3045
1,3273
8,3051
1,1215
5,3499
8,555
8,3113
3,2877
5,1399
8,1473
5,2252
8,421
8,939
8,1846
5,1525
8,2436
1,2644
1,997
5,1802
1,1388
8,369
8,3281
10,3236
1,1589
1,1346
8,3303
1,830
1,1978
1,1804
8,319
1,1469
8,255
8,2947
8,1177
3,2862
1,1542
1,1639
15,3424
1,169
8,3447
8,975
5,3033
8,1238
10,2915
5,958
3,3341
8,2728
1,2081
5,3444
8,3288
8,1146
1,2025
5,413
8,2550
10,3173
5,1680
1,2200
8,1923
5,833
1,1852
5,1161
1,2664
3,3181
12,3493
1,2032
5,3147
1,2725
5,1693
5,41
8,2487
1,3390
8,357
1,2021
8,2629
1,1142
1,801
5,3149
1,222
8,183
1,1595
8,2950
10,3187
8,1092
8,1201
1,330
5,876
8,2813
5,3051
8,1740
1,670
8,1230
12,3423
8,1165
1,203
3,3210
1,1939
8,3299
8,3291
8,394
8,775
1,1198
8,1324
8,3083
8,2968
1,1117
8,2981
1,2425
10,2838
5,2511
1,1777
8,3384
1,1146
1,505
8,2933
8,1625
1,2342
8,87
1,623
1,482
1,3330
8,1388
8,1209
5,1420
8,3392
1,1725
5,411
1,3038
8,2781
5,2677
8,2195
15,3414
8,2042
1,2310
8,2229
1,3070
1,80
1,1803
5,2314
1,2926
1,2461
8,1517
8,65
8,2946
5,2417
1,487
1,337
1,1179
8,540
5,3408
8,176
1,516
1,1643
5,3454
1,542
1,659
8,2180
1,11
8,3046
8,1978
5,2124
8,2622
1,1635
8,1656
10,3210
8,1142
8,1442
1,747
1,2961
1,588
1,3007
1,1610
1,440
8,2637
8,2549
1,1472
1,54
1,1333
1,2646
8,2232
5,306
1,209
1,232
1,3128
1,118
5,2427
1,640
5,3404
8,1195
8,2196
8,1735
8,2456
16,2550
5,573
8,2105
1,3058
1,2265
1,1940
8,5
1,1171
1,1821
5,2499
1,2018
1,2039
5,836
8,3400
1,624
8,1585
8,2945
8,829
5,1228
8,1813
5,2246
8,2402
1,2765
8,2193
1,187
8,3267
1,2264
1,427
1,749
8,323
17,1854
5,1678
8,2640
13,3486
1,899
8,805
8,3443
3,3178
1,2620
5,1978
1,2503
1,1672
8,2773
3,3215
5,1976
8,3324
1,3085
1,201
1,397
5,2206
10,2921
5,2194
1,559
1,1870
1,1264
1,3329
1,3097
8,1063
5,895
1,2240
8,3147
5,2720
8,1493
8,2547
1,491
8,419
1,403
1,1446
1,124
8,2700
1,2038
1,1950
8,3409
1,786
8,1807
1,1600
8,272
1,2568
5,2398
5,1464
8,251
1,902
1,771
1,2768
8,2793
8,3079
3,2894
5,2423
8,2312
1,1483
3,3238
5,2061
1,377
8,697
8,1480
8,3330
1,2365
8,1433
1,220
8,2785
8,3112
1,699
8,891
8,766
10,3217
1,2637
5,1530
1,980
15,3416
1,162
8,2717
8,1733
5,574
5,2211
8,861
5,209
8,904
1,3296
1,1112
1,896
1,2304
3,2827
8,2448
8,1423
8,1101
3,3176
1,834
1,3486
5,1970
8,1410
11,1105
5,1455
5,115
8,1390
8,2730
3,2847
1,3449
1,2543
1,2774
10,3251
8,274
1,2377
1,1173
1,2182
1,1655
1,887
1,785
1,3323
3,2836
5,280
8,3266
8,1800
8,856
1,2541
5,1167
1,663
1,1779
8,2926
8,264
3,3346
1,696
1,2969
8,2311
1,2706
8,1926
5,797
1,3404
8,342
8,1013
1,238
1,2099
1,1101
1,1267
5,1987
1,1402
8,46
1,411
5,793
1,1926
1,1849
8,2097
1,3006
1,3299
8,1977
1,581
5,2307
5,3313
1,2037
1,1460
1,1202
8,329
8,2199
8,1783
5,455
1,1669
5,1437
5,309
5,3498
8,897
3,2906
8,549
8,2959
8,2617
5,590
1,3018
5,2196
8,3072
8,3396
10,3229
1,2560
1,2792
8,3071
1,2533
8,3408
8,1279
8,2757
8,3142
1,1016
8,1115
1,3087
5,2198
1,661
5,2238
5,2957
5,35
1,2135
1,3260
1,693
5,1401
1,386
1,1144
1,2473
8,2529
8,2434
1,818
1,3040
8,1256
8,240
8,492
1,2588
1,2794
8,371
14,3434
1,1602
1,1521
8,2280
5,1234
1,2399
8,2490
8,382
8,190
8,1469
1,59
5,2313
8,1163
5,1982
1,1901
8,2759
15,3423
8,1731
1,2650
5,1158
5,3152
5,48
3,2844
3,2881
1,1621
8,564
5,1184
1,2044
8,1110
8,2222
8,2690
8,822
5,1499
1,1432
1,3138
8,3120
8,1198
8,3424
5,1233
5,2814
8,2532
5,1563
1,2112
1,3378
8,1878
5,186
1,2555
1,439
5,2214
8,1273
3,2886
1,379
1,2063
5,960
5,580
1,1594
1,1556
8,878
8,1764
8,32
8,356
5,2676
8,1834
1,2004
8,2125
1,1832
1,560
5,2014
1,2404
5,3036
1,387
10,2902
1,3311
8,1684
1,1212
5,2048
1,260
1,1405
8,2376
1,2184
11,864
1,1336
8,3135
1,799
12,3452
8,1144
8,2525
5,1684
8,1130
8,742
5,3043
1,87
8,1322
1,1247
5,2151
8,211
5,1461
8,2261
1,193
8,2491
1,2020
8,212
1,2049
3,2914
5,2591
8,1096
1,1423
1,1340
5,984
1,2583
8,2598
8,1561
8,1836
8,161
5,1070
8,882
1,2431
1,1079
5,592
5,524
1,3164
8,3395
8,127
1,744
8,3265
8,3020
5,27
8,2086
8,2227
8,2551
8,3434
1,2979
1,145
1,1401
8,3060
10,2862
8,309
8,1437
1,2147
1,3359
1,1034
12,3480
1,2938
1,1504
8,2072
8,2322
1,541
8,166
8,1981
5,1457
1,3121
1,353
8,2628
8,1979
8,2567
1,1275
8,1393
1,740
8,633
10,2841
8,2435
8,1728
1,1420
8,953
8,1010
8,1455
3,3224
1,1877
3,2840
5,2688
1,811
1,3139
5,2372
17,1984
1,1689
1,833
8,2770
12,3491
5,119
1,2605
5,222
8,1420
1,1924
1,996
1,3326
1,657
8,1513
1,836
5,2403
5,1460
8,1193
8,276
1,1262
1,2299
1,2098
5,2515
1,923
8,67
1,1055
1,1372
5,2442
1,2029
8,3327
8,1556
10,3195
8,411
1,601
5,1436
8,1770
1,1297
5,3032
5,1261
3,2841
1,688
1,764
8,700
1,465
17,1335
1,1412
1,1585
5,2797
1,518
1,2601
1,1338
8,2066
5,2783
8,654
8,706
8,669
5,1063
8,3030
8,1815
8,2597
8,2492
1,1200
5,1030
1,496
8,593
8,2465
1,67
1,1681
1,23
1,1387
1,206
1,2222
5,40
8,1337
1,1932
5,864
8,1299
1,1592
1,1311
8,2964
8,517
1,3257
8,14
1,2581
5,769
1,350
1,264
8,2954
5,1194
8,1997
5,1166
1,773
1,156
8,3138
1,1593
1,50
8,1453
1,1390
1,485
5,3094
5,2709
1,3354
1,3150
1,1792
8,1902
5,579
1,2139
8,1440
1,3065
5,1317
5,593
8,1810
8,2209
1,1898
8,1983
1,2480
1,137
5,892
8,294
8,1543
1,180
1,1807
10,2858
8,466
5,787
8,854
5,770
1,426
8,1133
8,1875
1,2127
8,859
8,2060
8,744
10,3232
8,2416
5,1172
1,1358
1,1796
5,2215
1,1441
5,3368
8,96
8,2023
8,1211
1,3094
5,519
8,1660
3,3235
8,2534
1,514
1,1057
8,1698
8,131
8,920
8,90
1,934
8,3053
5,1696
1,1503
5,4
8,3078
8,676
1,2326
5,338
5,2367
8,111
8,116
8,2811
8,3015
5,3041
1,10
8,2421
1,2587
8,2749
8,617
8,2272
1,2666
5,2513
1,2732
1,331
1,293
1,2391
8,3329
1,1410
8,174
1,363
12,3450
5,2406
1,3133
1,1597
5,1198
8,1720
1,2731
5,1314
8,1376
5,2786
5,1685
5,1566
1,2086
1,1096
5,2408
1,2279
8,2397
5,2435
13,3487
5,1225
5,866
1,2287
1,607
1,928
5,1101
1,165
5,1410
1,2733
5,2698
8,1391
1,1811
1,1287
12,3437
5,1805
1,2978
1,493
5,1842
8,2065
8,1940
8,2929
1,3271
8,543
8,3500
1,1970
8,2361
5,2371
1,3037
1,3140
5,3040
1,469
1,1499
8,3293
1,1064
1,130
1,632
1,74
8,743
1,1178
3,2849
8,1837
8,2172
1,2933
5,3303
8,826
3,3226
1,3071
8,2960
1,298
1,2392
8,107
5,2725
1,1637
8,3459
1,2451
5,2548
1,184
5,1571
1,283
8,3129
8,2307
1,2529
1,2042
1,2043
1,2101
8,1246
8,1679
5,961
8,1439
3,2830
1,2704
8,254
8,265
1,992
5,943
8,109
1,1578
1,3412
8,290
8,1935
1,3143
1,988
1,273
1,2199
8,3490
5,436
1,1080
3,2863
1,2577
8,588
1,3445
8,1293
8,3049
1,2218
1,268
1,1431
1,3276
8,2583
8,2206
1,2741
8,959
1,1331
1,971
8,1118
5,1690
1,103
10,2904
1,2396
10,3340
5,2306
8,637
1,3160
5,1229
1,1570
1,3408
5,595
8,1472
10,2836
5,1435
1,2567
8,470
8,3320
8,2245
8,567
1,119
1,2408
5,2980
1,1904
8,395
8,903
1,404
13,3492
1,1343
1,1900
8,698
8,2760
10,3235
8,173
8,2682
8,791
5,3140
8,231
10,3341
8,708
8,1285
8,2969
1,2934
5,1502
3,3199
8,3496
1,2381
1,1868
8,3437
1,2000
1,2760
8,3453
8,1043
8,2371
1,3000
1,3105
1,371
1,942
5,949
8,2356
8,312
5,188
8,2219
8,1970
10,2872
1,1364
1,1730
1,3325
1,2294
1,1997
8,2542
1,965
3,3186
1,812
10,3239
1,1046
1,3022
1,522
1,1245
8,2183
1,428
8,1756
3,2851
12,3483
8,1901
3,2922
8,806
8,1281
8,1258
8,1655
5,2416
8,2154
8,3004
5,2296
3,2896
1,470
8,624
1,1395
8,3104
8,1075
5,2462
8,455
8,1414
1,431
8,2052
1,3115
5,1069
1,1082
1,2951
5,2199
1,1660
8,3458
1,312
13,3488
8,2466
8,2116
8,613
5,3276
8,1803
8,1674
1,614
5,2050
1,1304
1,673
5,2119
1,968
1,2092
10,2912
5,444
1,2115
1,3024
1,2614
8,1576
8,2437
5,2444
8,728
3,3193
5,2682
5,2679
8,1828
8,2424
8,2646
8,2693
10,2875
3,2890
8,1385
1,2331
1,2121
1,3426
1,2048
1,1686
8,142
1,2297
1,2547
8,925
5,2000
3,2895
8,2696
5,1529
8,3149
1,573
8,1627
1,2358
8,705
1,565
1,938
1,1007
16,2194
1,1552
5,220
8,2253
5,2662
8,1874
8,245
1,1425
1,745
1,2450
1,3019
1,2382
5,1459
1,2349
5,3302
1,1448
8,2962
8,1496
3,3227
8,873
1,564
8,2630
8,34
8,1483
8,2764
1,1749
8,2395
1,3126
1,921
1,1206
1,2314
8,1450
5,257
1,2523
8,100
5,1500
5,1584
10,3338
5,2013
8,2254
1,1833
1,2801
1,2247
1,1496
8,494
1,1084
8,474
8,1038
5,2798
1,3152
1,2178
1,1136
5,2421
8,1204
3,2866
8,227
10,3249
5,2496
5,945
1,1546
1,3301
1,810
5,2058
8,1001
1,1866
5,2550
15,3407
1,414
8,2575
1,2595
8,177
8,883
1,2754
1,1026
5,3077
3,2821
1,1848
3,2819
1,388
8,1134
8,3493
1,637
8,3077
1,2203
1,1455
10,3193
5,1329
18,597
8,47
5,2210
1,1750
11,219
8,2368
1,2705
8,2647
1,3318
1,2204
17,1837
1,2195
5,919
1,3462
1,2509
5,1165
1,3451
10,3428
1,2474
1,2729
8,207
5,2977
8,1908
1,1766
1,3453
1,2443
13,3482
8,2334
13,3502
1,2797
1,944
1,3446
8,928
1,94
1,3447
5,1697
8,2502
1,1183
1,2361
8,2666
1,7
1,327
8,1475
8,351
1,3369
8,3394
5,459
1,583
8,208
8,916
5,2436
8,330
8,2260
8,607
8,3258
1,748
1,398
8,2748
1,2977
8,523
8,1232
1,1860
1,1493
1,52
5,917
1,3463
8,2546
5,2161
1,1480
8,614
1,2064
1,2008
5,3099
1,197
8,1
1,1485
1,520
1,644
5,1847
5,2240
1,1490
1,1274
1,2814
8,551
1,3053
8,1555
1,1631
8,2669
8,992
1,1759
8,2702
8,3378
5,2201
8,1304
1,1250
8,3260
8,1049
1,2360
8,2323
1,2809
8,138
1,2949
5,3076
8,263
5,2934
8,403
1,1487
5,2601
1,870
8,1695
8,1468
1,1071
5,909
8,1915
5,2935
8,1443
8,2128
8,609
1,523
1,1981
8,2952
1,2384
8,625
8,1114
1,774
8,2591
1,724
1,1114
1,1223
1,295
5,3143
8,1844
1,598
8,1367
8,3467
1,217
10,3172
1,629
5,1024
8,141
1,872
5,1405
1,1909
1,2239
5,3310
8,167
1,1184
8,2074
8,1260
8,1237
1,1323
8,2997
8,955
8,2686
1,2944
8,428
5,3038
8,552
8,220
10,3364
8,2085
1,1039
12,3430
1,2213
8,598
3,2861
5,527
1,2642
1,626
8,1100
3,3221
8,1332
8,2019
8,3455
1,461
8,179
8,447
3,2867
5,2338
8,2573
8,3073
1,2206
1,2973
5,841
3,3195
8,2932
1,3158
12,3495
8,1825
5,1844
8,2226
1,1727
5,2713
1,3108
1,90
8,188
8,1243
1,1376
5,2506
8,3449
5,791
8,1588
1,2070
1,879
1,157
5,3006
1,1216
1,1344
8,1294
5,1852
8,1690
8,7
1,511
1,1918
10,3363
8,1018
1,2424
8,526
8,999
1,415
5,2978
1,2682
1,881
8,2033
1,72
1,919
8,101
8,668
1,2388
8,2623
5,1520
1,2420
5,1227
8,951
1,406
5,1224
1,3119
12,3454
5,790
5,2952
8,1056
8,59
1,1935
5,2045
5,2801
1,1167
1,2173
1,309
1,1188
1,335
8,1498
5,1990
8,77
1,323
1,3423
8,366
1,2670
1,2649
1,270
5,1174
8,2315
1,255
8,2348
1,2174
5,512
8,180
1,2531
8,1991
8,2247
1,714
3,3360
8,3311
1,2267
1,713
8,553
1,412
5,2519
5,1528
1,1030
5,1107
8,767
8,2340
10,3204
8,1987
1,730
1,1012
1,1083
8,2113
1,1222
5,2810
1,378
10,2885
1,3090
8,849
1,3442
1,1065
5,928
1,2118
3,3234
1,2602
5,508
5,1497
8,1032
8,1068
1,2481
8,1361
8,1305
8,1424
3,2850
1,1450
8,1394
8,3379
1,1389
8,1158
10,2877
1,2192
1,1515
1,1501
8,2520
8,442
8,429
5,2057
1,3491
8,221
8,2096
1,2936
8,545
8,1849
1,2545
8,3253
8,3402
8,1944
8,1036
8,929
1,2414
1,391
8,2006
8,301
8,2687
5,2404
8,99
1,438
1,362
1,706
8,310
8,1872
1,408
3,3214
8,2190
1,2764
8,601
5,2723
1,1853
1,2501
1,1315
8,1927
8,2302
1,2553
8,2989
8,2132
3,2883
1,2177
8,583
1,1443
8,295
8,306
8,39
5,3150
8,1033
8,226
1,1934
8,2313
8,1887
8,524
8,788
5,3
1,893
8,1752
1,2026
1,1889
1,781
8,507
1,972
8,1788
1,911
1,3469
8,2768
8,315
1,954
5,1969
10,2856
1,2958
5,3370
1,1646
5,1022
1,3069
8,1254
8,3283
1,2400
1,1683
8,1652
5,2160
1,3062
8,1182
1,3061
8,710
8,2288
1,196
5,1503
8,572
1,2603
8,3438
5,1163
3,3171
5,2163
10,3243
8,2197
1,1974
8,2677
5,816
1,1814
8,2645
8,273
8,1249
1,908
8,3034
8,874
1,1258
1,2526
1,2561
8,1004
1,1531
5,1187
5,207
1,2701
8,1016
8,2712
8,1040
8,532
1,578
1,1526
8,755
1,2767
5,2395
5,3416
15,3408
1,822
8,2182
1,643
8,2655
8,3282
8,3405
8,164
8,451
8,3273
5,2958
5,801
1,1995
5,269
8,2558
5,2130
1,435
5,795
1,1863
8,1183
5,1430
1,2534
1,1147
8,618
1,750
8,406
8,718
5,858
8,933
5,348
1,3011
8,420
10,3250
5,826
5,1672
8,84
3,2910
8,2613
8,1490
11,1916
5,465
1,1148
1,2001
8,1741
8,2639
1,1810
1,683
8,1408
8,1773
8,1546
8,458
8,599
3,2848
5,1222
8,1317
5,122
8,185
1,1203
1,2198
8,2374
1,2422
8,938
1,671
1,3284
8,780
1,18
8,346
8,605
1,867
1,3336
1,1280
5,2437
1,1342
1,2235
8,18
8,1055
8,1334
1,376
5,1994
1,2647
8,1563
8,2477
8,1522
1,2511
5,24
8,3421
8,2306
8,1974
5,261
8,1169
8,2248
1,2435
1,945
8,1121
5,525
8,1250
10,2889
5,2604
1,1068
5,342
5,1694
8,52
10,3209
8,1558
8,515
8,3356
8,270
3,2834
1,1882
8,2795
5,56
8,1766
8,1989
1,2475
10,2828
8,3301
8,1079
1,3134
8,1271
8,2445
5,2465
8,1039
1,1509
8,2467
8,105
8,565
1,374
10,3169
8,2980
5,2492
3,3197
8,202
5,2803
1,2411
8,716
1,2989
5,786
8,2415
8,3419
1,2671
8,2987
1,3314
5,503
1,1827
5,820
1,857
5,1443
1,1437
1,3092
1,17
8,1278
8,1992
1,2119
8,1939
8,3090
1,1983
1,1765
8,1890
1,2679
1,1763
8,422
8,2562
15,3420
1,1512
8,2062
5,310
1,544
5,2400
1,1339
1,507
8,1566
8,1467
5,1687
5,1442
1,2517
5,1427
5,2464
1,3375
5,2064
8,348
8,237
1,2437
8,964
5,1999
8,2353
11,230
1,3089
1,2185
8,436
8,2673
5,1309
8,2565
1,2477
8,2654
12,3453
8,3032
5,2549
1,1230
8,2670
17,1876
13,3484
1,453
5,2304
8,1710
1,425
8,1512
8,1292
1,1638
12,3417
1,1302
8,1567
1,247
5,856
1,1948
1,1444
5,1400
5,2055
1,909
1,471
5,1330
5,1689
1,1886
1,1685
1,1714
8,762
5,1814
8,2352
8,122
1,591
1,2271
8,3133
5,3014
1,1289
1,3054
1,1513
8,3110
5,3359
1,1984
1,2234
5,2516
1,1640
1,41
8,2047
8,45
8,815
1,1169
8,2776
5,1869
12,3408
8,476
5,441
8,2101
8,1447
3,2826
1,550
8,1266
1,2289
8,128
8,756
1,1025
8,1174
8,2332
1,2023
8,3069
8,1572
8,2201
11,215
5,1456
1,1326
8,2582
3,3243
1,537
8,3146
8,2235
8,544
8,931
8,2158
1,1902
8,1697
1,1014
8,1640
8,468
8,923
5,179
8,1873
5,2542
5,2424
1,1969
8,3155
5,775
5,1577
8,2743
1,1090
1,2224
8,1464
8,914
5,3096
5,2399
1,2730
8,760
1,2387
8,1856
5,2544
5,484
3,3248
8,1138
1,1160
8,677
1,99
1,2628
5,2051
8,1491
5,827
1,2211
5,2248
5,1215
8,789
5,1809
8,3451
1,1035
1,782
8,3088
1,2094
8,927
1,2332
1,761
1,677
1,984
1,46
1,2143
1,861
8,3043
1,608
1,348
8,842
1,2585
1,1813
8,499
1,613
8,400
1,329
1,2466
8,1070
1,3477
8,619
1,918
8,3017
3,2885
14,3444
8,1412
10,2859
5,2156
8,3373
8,562
1,394
8,1617
1,2817
8,1172
1,2715
1,728
1,1538
8,2817
8,434
8,2375
5,2497
8,2720
1,1917
5,32
1,3076
1,1668
1,3397
8,2719
1,1682
5,2936
8,818
5,1434
8,1314
5,1181
1,3495
8,192
8,1507
8,877
5,868
3,3229
1,2432
1,3148
1,2335
1,2386
1,3035
8,1274
8,1998
5,3134
8,1831
8,2590
8,2205
8,726
8,796
1,1894
8,1914
8,3376
5,265
5,2445
17,152
8,521
8,2674
1,499
1,503
5,2687
5,1106
5,3366
1,2803
5,1114
1,955
1,2752
8,2055
1,1047
1,1457
5,3042
3,3240
12,3441
1,712
1,3473
10,2825
1,3464
1,889
8,2028
1,1944
1,446
5,1866
8,3152
8,2218
8,2081
1,1394
8,1173
8,1882
3,3170
8,3497
10,3202
1,912
8,170
8,1185
1,319
1,332
8,748
1,81
5,907
8,2112
8,2305
1,625
1,884
8,1139
1,2974
8,3284
8,464
1,1139
5,520
1,940
8,1347
3,3167
8,1351
8,1046
8,1767
8,3044
5,2695
10,2914
5,916
8,2142
1,2187
1,2318
8,2354
1,547
8,2733
1,369
1,3306
1,405
1,1143
8,2951
5,2209
5,2412
3,2874
5,3307
1,3434
8,1817
5,3046
1,25
5,1088
1,43
1,1422
8,2363
11,1099
13,3485
1,1614
1,100
5,2953
5,187
3,3201
8,2741
8,347
8,1840
8,1112
8,3391
1,1829
8,2030
8,1005
8,3164
8,1691
1,989
1,240
1,508
1,1661
1,272
1,322
8,611
1,2599
8,2234
8,1723
1,995
15,3418
1,1417
1,1808
5,3146
1,1400
1,357
1,2107
8,3420
1,2747
1,3388
8,2788
8,121
8,2372
8,1995
1,349
1,1704
5,1058
1,2632
1,860
1,2565
8,2978
8,1826
1,150
8,1451
15,3411
3,2887
1,2616
5,2696
3,3249
8,2801
10,2925
1,927
5,2694
8,1017
1,2223
1,2100
1,1426
1,313
1,3328
8,1508
1,2305
8,2484
5,3286
1,244
1,979
1,2631
1,1329
1,1128
8,620
8,1590
8,1284
8,3105
1,285
10,2906
8,459
1,1958
5,2434
8,2177
1,2597
8,2680
8,1088
1,2516
1,3443
8,1736
8,16
8,2102
1,1309
1,3400
1,1798
1,365
1,1739
1,252
1,1367
8,538
1,2975
1,2549
5,210
8,203
3,2878
8,952
1,2784
1,2162
5,2004
8,3445
1,859
1,1133
11,2752
8,2938
8,94
1,1534
8,119
10,3244
1,228
8,3006
8,1053
1,2050
1,13
8,1288
1,2076
1,281
1,3282
8,1796
1,604
8,3067
1,294
1,1758
8,256
8,2699
1,2693
17,2095
8,10
1,2226
8,60
3,2838
8,2800
1,2932
8,1701
8,1950
1,3120
8,2993
1,2462
8,490
8,1020
5,837
8,772
5,861
8,133
5,1862
1,178
8,2044
8,1812
1,619
5,1118
1,1494
1,1360
8,2349
1,1281
8,3305
8,2236
8,452
5,2710
1,164
8,968
8,368
8,1510
11,516
8,2100
8,2014
1,1641
5,428
1,1436
10,3167
8,1052
1,2492
1,920
8,2571
8,737
1,8
8,2200
1,2129
1,2700
8,92
1,1286
8,2117
1,506
8,3310
1,1451
1,2776
8,2603
12,3487
5,920
1,2227
1,117
1,1957
1,1291
1,715
10,2854
5,254
1,3351
8,2584
8,1235
5,57
8,3414
1,1742
8,752
8,2347
1,251
1,1697
1,2746
5,1827
8,1378
5,3306
8,3271
5,2661
5,120
1,3
1,2088
8,1349
1,895
1,849
1,1987
8,623
1,356
1,1361
5,1803
5,2689
1,2772
5,939
5,502
3,2882
8,332
8,1409
1,948
1,2103
5,3135
8,1171
1,2215
8,2619
3,3217
1,2570
1,2518
5,3403
8,800
8,792
5,272
8,1327
1,88
8,704
8,1222
1,2694
8,3018
8,2739
5,477
1,494
5,213
1,2464
8,1642
8,1148
1,3502
5,2817
1,1916
8,1224
1,1951
16,2198
1,1838
8,1008
5,514
5,1116
1,436
16,2004
8,2043
5,2603
5,3481
1,3454
5,963
5,2818
1,2172
1,2589
1,662
8,3473
1,1558
8,1620
8,725
8,2451
8,3035
8,865
1,2149
8,2156
8,994
8,1233
3,3211
1,2374
5,437
8,1357
8,733
1,3474
1,2343
1,2194
5,339
1,2371
1,2144
1,538
5,871
8,478
8,2310
8,48
1,926
5,3102
1,1722
1,1243
1,3319
10,3337
1,821
1,678
1,464
5,3365
8,3488
1,3023
1,434
8,3475
1,2968
1,2940
8,1808
3,3183
10,2865
5,3048
1,111
1,3258
1,3313
1,429
1,1571
1,1878
8,3452
1,666
8,3369
1,3450
1,1819
8,2291
8,2474
13,3494
1,1369
8,3
1,479
8,1947
8,1499
10,3219
8,3108
5,3161
8,3136
8,1930
8,1912
5,2360
1,2283
5,2951
1,16
5,3314
8,163
5,1578
1,1122
1,61
8,103
1,3396
8,1560
5,3163
1,3082
8,2615
8,1203
12,3405
1,1208
8,3485
8,3491
8,922
1,1555
5,2815
1,2641
5,2955
1,3410
8,671
1,1764
8,2516
1,882
1,1108
1,751
8,2420
1,1726
1,569
8,770
5,2681
1,2329
8,1824
8,2053
8,2082
8,868
8,1685
1,68
1,3372
5,3434
5,1119
14,3443
8,3323
1,1495
1,1433
8,1601
1,2221
8,2755
8,321
5,528
8,2321
5,2044
8,2626
8,1696
1,924
3,3222
8,2217
1,224
5,445
8,2975
1,1462
5,449
8,1823
8,2519
3,3252
3,3184
1,753
5,1496
5,2785
8,1419
8,2500
5,2365
8,1435
1,680
5,1698
1,654
12,3409
8,1842
1,947
8,1229
1,2937
5,2007
8,2377
1,1199
8,2160
1,3020
8,385
8,453
1,3385
1,1611
8,3001
10,3347
1,2416
1,488
1,1945
1,1027
8,816
8,1434
1,2559
8,1973
14,3430
1,2124
1,263
8,445
8,289
8,1286
5,506
5,3103
8,2379
1,1858
5,2419
1,1161
1,2415
8,2364
8,1568
1,1574
5,2363
1,1018
1,2448
1,2249
8,3433
5,1979
1,286
1,3031
12,3410
5,3503
1,1408
8,1087
8,2600
3,3200
1,3151
10,2899
5,2568
1,852
8,2392
8,2454
1,653
5,1316
3,2912
1,772
8,2958
5,2471
14,3445
8,661
1,602
1,1228
8,1048
8,2108
8,150
8,1147
8,2632
8,814
1,1044
8,2512
11,852
8,2737
5,2312
5,281
8,1373
1,660
1,2323
1,1581
14,3436
1,1334
1,275
5,246
1,2744
3,3196
1,1209
8,604
8,1199
8,2325
8,2750
3,2869
1,2054
10,3245
5,3155
8,1816
1,850
1,1484
1,472
1,2521
8,2742
5,1522
1,2210
8,1557
1,1374
1,267
8,1515
1,1379
8,1343
5,2937
1,1149
1,929
8,2037
8,2351
8,3115
1,265
1,1010
5,345
1,3413
8,1330
1,2122
1,636
1,1910
1,399
10,3190
1,2761
1,2575
10,2876
1,1712
1,3353
10,2909
8,600
8,2763
1,122
5,218
3,2858
8,1239
8,1554
1,2722
10,2869
8,360
8,1192
8,454
5,1825
1,3114
5,1059
1,1041
1,2140
8,1871
8,2185
1,2434
8,1465
8,3162
8,2221
5,2249
1,907
5,346
1,3379
1,1577
8,2258
1,458
1,791
1,1566
8,2478
13,3479
8,2051
1,96
5,83
8,2744
1,1
5,1579
8,2124
5,2468
1,231
1,3380
1,1913
5,2438
1,1113
1,2330
1,1805
5,825
5,1230
5,859
10,2878
1,380
5,2569
10,3188
1,3095
1,3317
8,2176
1,2171
8,1745
5,3075
1,1797
8,1523
8,3041
1,1104
8,205
8,2810
1,215
8,1102
8,266
1,1497
8,250
8,2012
5,1321
1,826
1,424
5,2405
8,3456
8,1906
11,1921
1,2209
1,2520
5,3156
8,3425
1,739
1,1771
1,1121
8,2726
8,1295
1,149
5,2927
1,1308
8,303
1,2639
5,2128
8,901
5,2796
5,1197
8,88
8,1062
8,1673
8,3063
8,1228
1,2957
1,2214
8,3494
8,2814
1,3466
8,967
5,3301
1,409
8,2816
1,328
8,1113
8,2648
1,3281
8,960
12,3413
1,2621
3,2872
8,3326
1,2077
8,2966
8,2608
8,4
8,3065
1,324
8,25
1,3147
1,1636
8,2787
3,3345
8,317
8,1428
1,1554
1,1056
12,3443
1,142
1,3461
8,557
8,721
5,583
8,2390
1,2479
1,1048
5,2461
8,2145
8,225
3,2822
10,3429
8,147
5,2781
1,814
8,3331
1,3080
5,2251
1,2082
3,2899
16,2005
8,539
5,1864
1,2487
8,1240
1,813
1,1384
1,2369
5,3012
5,25
1,950
1,2769
3,2824
5,1870
8,1502
1,1876
8,731
5,1113
1,2274
8,2003
8,3061
8,2373
1,1598
8,3277
8,2504
1,2486
1,3458
1,249
1,2033
1,1022
1,960
5,900
8,497
1,746
8,350
1,2609
1,1529
1,2739
10,2890
5,1267
8,1775
1,1306
8,2021
5,1323
8,390
5,113
5,1087
5,2593
8,1920
1,1587
8,674
5,2521
1,806
1,1156
5,2784
12,3427
3,2892
1,1873
5,947
3,3251
1,261
8,1693
8,2441
12,3479
1,146
8,414
8,531
5,804
10,3166
1,2698
8,2756
1,1066
3,3239
5,1813
8,518
5,521
8,577
5,474
1,2485
1,3286
5,1332
1,2403
8,269
1,1544
8,640
8,2225
1,1561
5,504
8,2120
1,3430
8,2663
8,21
1,639
1,2611
1,1454
5,1193
1,2300
1,1557
5,263
1,3144
5,957
8,1737
8,947
1,1125
8,1120
8,3153
8,375
8,1329
1,803
1,2131
5,1873
1,20
1,2102
8,1644
8,1514
8,1446
5,1586
8,157
8,424
10,3206
1,2035
8,1090
8,987
8,894
8,2588
1,1219
1,962
1,2003
5,1450
5,442
5,1824
1,1314
8,1060
8,219
1,1608
1,3002
8,1776
1,1662
10,3182
1,2244
8,475
8,656
8,1661
8,325
8,2497
1,3086
8,3025
10,2849
8,3399
5,1414
8,2722
5,853
1,722
3,2888
8,2071
5,169
11,236
1,695
1,2759
8,2294
8,3423
8,1909
8,2576
8,1350
1,737
1,987
8,502
8,1132
12,3418
1,1298
8,1913
1,22
5,2391
8,3479
1,517
5,2316
1,2502
1,280
8,2568
1,2530
8,758
1,765
5,1701
8,2604
5,1816
1,3492
8,117
5,2660
3,2842
8,2045
8,1503
10,3246
5,2368
5,1453
1,2229
8,74
8,2188
5,2123
1,1116
1,3056
5,259
8,1988
8,3285
1,1050
1,2457
5,3037
1,3132
5,2420
8,612
1,2058
5,1408
8,2404
1,243
1,1070
8,1870
1,266
1,3457
8,123
1,582
8,2729
3,3194
1,2796
5,2135
1,78
8,1170
8,2017
8,621
1,1844
1,528
10,3177
3,2820
1,3253
1,1720
3,2831
8,2564
8,1308
8,2070
3,2832
8,1925
1,2984
1,3479
3,3232
8,268
3,2825
5,2476
1,1292
8,3102
8,3225
1,1213
1,3381
1,139
8,1309
1,952
5,1557
5,1192
1,3111
1,3470
5,1189
1,2356
5,1180
10,2880
8,1477
8,570
5,1093
1,1174
5,2339
1,2130
8,2667
5,584
1,905
8,91
8,1594
8,1445
1,2036
1,864
8,1797
1,3303
1,1033
15,3410
8,1533
8,630
5,2117
1,346
1,1576
5,256
1,3093
5,932
8,1495
5,2122
5,2001
8,2250
8,529
8,118
3,3190
1,133
1,390
8,2078
5,1686
1,2273
8,2293
1,3497
8,1746
5,2396
8,1860
1,2406
5,794
8,2940
8,477
1,1253
1,342
5,1395
8,839
1,112
1,2208
5,168
8,1444
1,2137
5,2790
1,216
1,3475
1,1883
1,127
8,2068
1,2046
1,3072
8,1047
1,610
8,152
1,1040
1,1235
1,2522
8,386
1,2027
1,1761
5,1108
8,378
8,2794
1,2695
1,95
1,2953
8,1311
8,3304
5,1527
1,2791
8,1665
8,41
1,191
5,3039
5,1564
1,3399
5,3278
1,2338
8,2035
8,956
1,2258
1,2703
1,2062
1,69
8,812
8,327
5,472
1,1229
1,2241
1,1013
3,2864
8,1946
8,1377
5,1026
8,1002
13,3493
17,1345
10,2850
1,297
5,343
8,55
5,1445
1,1153
1,2191
1,3391
8,574
12,3416
5,1988
8,763
1,1251
8,905
8,64
5,1217
8,2385
5,410
1,1452
5,1526
8,3157
1,1126
8,2986
1,1855
1,2931
8,1821
8,3481
1,1435
5,3284
8,1549
1,3043
5,47
8,3306
1,26
1,1386
1,1562
5,480
8,1167
1,1982
8,1749
8,692
1,3050
8,1396
1,125
1,1649
5,3035
5,578
8,389
8,3276
1,2578
8,286
5,434
1,2782
1,3159
1,2735
5,2693
1,1438
1,3444
8,1619
5,2608
1,1335
8,680
1,2574
5,2467
1,2564
8,3028
1,1946
8,1164
8,2144
8,1402
1,1565
1,754
1,3015
12,3435
1,1282
16,2013
5,2702
8,1829
1,2717
1,2619
3,3203
1,2089
1,3265
8,1671
3,2835
1,1709
5,1328
8,2335
1,2084
1,1371
1,555
3,2870
1,1885
5,1183
1,1176
8,2407
8,479
12,3451
1,2716
1,2720
5,778
1,1560
1,2007
1,2055
1,1054
10,2898
8,2545
5,507
1,2999
8,907
1,2197
5,278
1,1406
8,326
8,672
5,1096
8,3076
1,1296
8,1326
1,3331
8,461
8,3442
8,2339
8,981
1,3088
1,519
8,1037
1,794
8,1743
1,1290
8,2792
5,1418
8,2483
8,1151
8,209
1,2645
8,2304
1,1731
1,871
3,3177
8,1341
8,472
8,457
8,809
1,1366
1,3436
5,3446
8,3427
8,2009
8,1681
5,2488
1,2929
1,3355
15,3421
5,2133
1,2009
1,2433
1,2348
8,995
1,530
3,3340
8,3503
8,171
1,1688
1,288
1,1210
8,2282
5,899
1,1492
8,906
8,446
8,1296
8,2242
5,44
5,36
1,3122
1,2380
8,337
1,3012
1,1625
1,2689
1,2430
1,2778
8,1242
8,1126
5,3078
1,1539
1,3013
1,1061
8,189
1,126
1,2315
5,267
8,1636
8,1933
8,1360
8,1494
5,279
12,3404
1,1677
1,459
8,1301
1,1168
1,3142
1,3459
5,116
1,592
8,1537
5,1407
8,3021
1,978
1,1710
8,866
1,5
5,2213
5,2792
8,1162
8,2494
8,1916
5,2650
5,2571
5,2302
1,1507
1,2445
5,414
1,3414
3,2903
8,690
1,1734
5,1821
8,1058
1,1477
8,2660
8,2133
8,426
5,3004
8,3086
1,1899
1,1694
1,3068
1,1626
8,2240
8,2207
1,1794
8,217
8,1259
8,3351
10,3212
1,276
1,1517
8,302
10,2855
5,3442
5,439
5,2654
5,1828
1,539
8,224
1,3263
1,2699
1,1218
8,2387
1,2068
8,2330
8,1241
8,628
5,216
5,248
8,977
5,2411
8,833
8,93
8,283
1,2
1,2676
1,2253
1,420
5,2413
5,952
10,2842
1,2163
1,667
1,1960
8,1449
8,3390
8,3316
8,2224
5,955
8,2344
5,2138
8,3082
8,178
1,236
3,2889
14,3448
5,182
1,3048
8,2057
8,803
8,130
15,3426
8,2939
8,585
8,3298
1,789
1,2426
1,2324
8,410
1,1106
1,1135
1,710
8,2287
8,592
5,1160
5,954
1,1525
1,743
13,3498
8,246
8,2941
1,1842
10,2819
1,2087
5,3133
5,3045
1,1269
5,219
8,83
1,105
1,2618
8,233
1,2702
5,2394
5,2121
8,2761
5,1100
8,2064
8,563
1,2548
8,3064
8,1208
8,85
8,1948
1,2734
5,950
5,2202
8,292
1,851
1,2998
1,1830
1,2067
8,2412
5,30
1,1966
8,2099
8,1405
1,2527
8,1587
8,2443
1,2955
1,2417
1,594
5,1170
8,1966
5,2975
10,2867
1,775
8,1529
5,2979
1,1862
8,1584
5,31
1,2345
5,1262
1,2275
1,1391
1,1620
1,2789
8,889
12,3448
1,1500
8,2383
8,1581
1,3255
1,702
1,2105
1,257
5,896
1,1599
5,2651
8,2809
8,2471
17,2096
8,1857
8,1675
3,3173
8,198
5,776
14,3446
8,1413
1,486
1,3112
8,757
1,3302
8,291
1,2368
17,2
8,2548
8,1711
8,1400
8,213
8,31
5,3409
8,155
1,2327
8,1023
1,70
8,3466
1,198
1,3154
8,687
3,3182
8,3013
8,2995
5,867
8,2032
11,1514
8,738
1,1430
1,3484
8,3294
1,3039
1,2052
8,78
8,282
5,2003
5,946
8,1078
1,1481
1,1234
8,872
1,1762
1,1119
10,3230
8,439
1,3017
5,1808
1,1224
8,979
8,1291
1,2117
8,678
1,9
1,279
1,2625
8,3335
8,2166
1,413
8,1066
1,1691
8,1968
14,3440
8,144
8,2090
1,1523
8,1029
1,2672
8,2731
8,1487
8,2165
1,1378
1,2654
8,402
1,829
5,2063
5,2131
8,3386
5,443
8,3397
8,1845
1,797
1,2497
8,936
8,1574
1,3153
1,780
1,2057
8,2489
8,813
8,1082
5,930
1,211
5,2606
8,1091
8,1809
1,1780
8,913
5,2658
1,650
14,3433
8,888
14,3450
5,1196
5,3157
1,2942
5,854
8,568
10,3231
8,3062
1,501
8,867
8,2000
16,2195
5,347
1,3437
5,1029
8,3375
3,2873
8,2587
1,1447
8,2509
1,421
8,1298
5,926
8,2259
5,1572
8,1218
8,2080
10,2888
8,353
1,3073
8,3008
1,1058
8,493
1,894
8,2518
5,178
1,1590
8,1838
8,1027
5,276
8,1748
8,1245
5,2242
1,3261
8,1850
5,893
8,1786
13,3496
8,2239
16,2206
1,2440
5,1067
1,213
8,2818
8,2656
10,3171
8,3431
1,40
1,3333
3,2900
1,2667
1,1482
1,630
10,2895
8,1848
5,2807
1,719
15,3405
8,561
10,2882
1,2737
8,1534
8,53
5,2802
1,1856
1,2344
5,2150
1,123
8,149
8,1643
1,1533
5,3162
1,3127
1,3320
5,473
5,2212
8,1019
1,1895
1,2970
1,2359
1,2708
5,2956
5,1981
3,2856
1,2367
8,314
5,185
8,3418
5,1851
8,2934
8,2126
8,2486
1,842
8,2406
1,3374
8,587
1,2261
1,1440
8,841
5,3280
1,3289
8,3012
8,2779
1,1244
8,648
8,169
8,3055
8,2475
1,316
1,2535
8,573
1,452
1,3109
1,2460
5,1985
1,1943
5,43
8,1893
1,3272
8,645
5,1068
1,3067
1,768
5,585
5,3137
8,1364
5,2787
1,2783
10,2860
1,711
1,1285
1,1318
8,449
1,3021
1,3416
1,2816
1,1283
8,20
8,37
8,2596
8,1542
1,214
8,2664
1,326
3,3169
1,3036
5,1327
5,2522
5,1991
1,1111
1,848
1,1879
1,2802
1,1874
8,23
1,3419
1,1305
1,1897
15,3412
8,580
1,933
3,2923
1,2662
5,839
8,670
12,3496
8,2684
5,23
8,3094
1,1536
5,206
8,2931
1,2712
8,2599
8,1787
8,1045
8,2706
5,3007
8,506
5,2309
8,1476
1,1399
10,2846
8,819
8,165
8,2048
1,2572
1,2190
8,1187
8,3048
10,3184
1,289
5,1065
5,2341
5,3432
8,214
8,1760
5,2310
1,2442
5,934
8,1577
1,2320
8,1676
15,3413
1,2740
1,3163
8,1791
1,2458
5,408
5,2361
1,769
1,383
1,49
8,3074
8,2171
8,3091
1,2566
5,3132
1,1666
1,1741
1,1385
8,1021
5,2118
8,3278
1,56
8,1226
3,3209
1,2709
1,534
8,1768
8,2336
8,559
1,687
3,2860
1,2128
1,1962
5,1191
8,299
8,1365
1,1993
8,1141
5,2600
1,841
8,2430
8,1374
1,770
5,1983
1,1102
5,481
8,2461
1,2707
5,2501
5,1580
1,3157
5,1413
1,1893
5,1324
1,1601
1,1429
1,1110
1,3356
1,1159
5,3308
1,2771
1,2749
5,2684
1,1572
15,3417
8,126
8,1739
1,153
1,2272
8,243
5,1259
5,851
8,566
8,1379
8,3440
5,171
1,1478
13,3500
8,1300
8,1855
1,1214
8,467
8,2277
1,2179
8,134
1,60
11,858
10,2918
8,1611
5,2686
8,49
8,381
1,2421
8,1703
8,2276
8,1189
1,407
5,1819
1,2513
1,579
8,1985
1,2606
1,1674
8,703
5,1989
1,2281
8,2297
5,1322
1,1398
1,2788
8,287
1,2573
8,3388
8,1160
1,2738
5,1682
8,2318
8,2333
1,2161
12,3419
8,858
8,2228
5,1868
1,3371
8,3432
1,726
8,448
5,2490
1,1434
8,1370
8,1951
8,1024
8,736
8,1119
8,1531
5,253
5,2115
1,2362
8,2736
5,908
1,2312
1,2060
5,1562
8,2444
8,3403
3,2853
8,586
8,2327
8,1694
1,1257
1,959
8,388
1,628
11,877
8,450
1,1008
1,990
8,2338
1,2986
8,1108
5,61
10,2871
1,3146
1,1414
10,2843
8,3411
1,595
8,2230
1,2484
8,2034
8,3125
5,2447
1,986
8,2059
1,1015
8,108
5,1171
8,3003
1,2296
8,2957
5,3017
1,1019
1,1095
1,2254
8,892
1,2538
1,1781
1,1675
5,2722
8,148
8,2328
5,515
5,3281
1,855
1,1051
1,901
8,29
1,1466
1,2290
1,816
8,352
1,2967
5,2466
1,155
8,2563
10,3348
10,2844
1,1584
8,3093
1,2006
8,359
1,143
5,173
1,1942
1,2590
12,3434
1,1545
5,2401
5,2683
3,3347
5,2491
1,876
8,1934
8,1221
1,1141
8,136
5,1812
8,3460
3,3338
8,1277
8,1708
5,796
16,3367
8,3502
8,3264
8,2481
14,3451
5,2498
5,304
1,2291
5,250
8,2747
1,1630
1,664
8,2594
8,441
5,440
8,1030
5,3373
8,384
11,730
5,2495
1,1676
10,3176
1,2660
8,2345
8,2611
8,1592
1,620
8,1297
5,872
8,383
1,2051
8,1272
1,306
5,2335
5,181
3,3219
8,2507
1,1793
5,789
8,1936
8,1366
1,600
12,3484
1,2444
1,1246
8,2147
5,821
8,42
8,895
1,1795
8,3292
8,576
1,1884
5,460
1,3411
1,3055
8,9
5,1850
1,2205
1,128
8,1501
1,1800
8,802
8,1582
8,3163
8,579
10,3344
1,1778
8,481
8,1965
5,3423
1,1952
5,1213
8,695
5,1404
8,855
5,2046
13,3483
8,362
1,1038
8,1629
1,373
1,2031
1,2398
8,1255
1,2952
10,3199
8,790
8,2560
8,948
5,117
11,523
1,2148
5,3158
8,1099
5,1806
10,3242
8,1035
1,1180
1,2655
5,59
3,3187
3,3428
1,63
1,2787
8,1575
8,1929
8,1854
8,1231
1,367
5,430
1,2600
8,58
5,2730
8,2774
8,2110
5,936
5,262
8,2008
8,2601
1,1195
1,2505
13,3489
8,2752
5,1826
8,1805
5,979
8,3383
5,305
8,3154
8,2708
8,3407
1,91
5,2678
8,1015
8,1335
8,2982
1,2972
17,3
8,401
8,1659
8,2991
5,1199
8,487
11,2767
8,3014
1,3063
10,2837
8,1312
8,844
1,1491
1,174
8,3259
8,662
1,2168
1,3312
1,3025
1,707
1,3259
1,86
5,3309
8,845
5,2520
8,3372
1,529
8,972
1,307
8,1034
8,2326
1,3483
5,2116
13,3491
1,2675
3,2823
8,3367
8,1426
1,3383
1,1547
8,978
10,2821
1,910
8,2298
1,2512
8,2267
8,1792
15,3404
5,1810
1,3102
8,135
5,2283
1,862
1,1383
8,511
5,1801
8,2391
8,2970
5,1195
8,1184
8,1505
3,3241
8,3075
8,2278
8,1041
8,2024
3,3233
1,1633
1,3149
3,2908
5,3448
8,1257
1,566
8,825
1,1658
8,2458
8,2544
1,1583
8,1150
1,2097
8,808
8,2203
8,1411
8,1136
5,1258
8,2786
5,2547
8,1307
1,1729
1,787
5,1567
8,1282
5,1438
1,642
5,2159
1,352
1,1089
8,1955
1,2793
5,1020
8,2369
8,2367
5,1576
8,1751
10,2831
8,3121
1,839
1,188
8,2469
8,1814
5,510
8,638
8,1236
5,1333
10,2827
1,2790
8,1152
8,2216
8,2136
1,120
5,824
12,3485
1,1271
1,1760
1,212
8,1526
5,1995
8,2985
1,1193
1,668
1,308
8,781
5,1398
1,410
8,2815
1,381
8,1098
1,3422
8,1538
1,2316
1,1553
5,302
1,3441
1,3030
1,3424
8,3385
5,2592
1,1288
1,2366
8,2425
1,2288
1,2491
8,1911
5,3305
1,3100
5,1823
8,1688
5,1105
1,1650
8,2290
8,2089
1,2236
8,836
8,1967
5,2478
8,2718
8,1206
8,3024
8,3280
8,773
8,1931
1,2962
1,3480
1,2960
5,2364
8,1289
8,1758
1,311
8,2711
1,700
8,682
1,1787
5,3095
8,495
8,2452
5,312
10,2857
16,2010
8,376
5,771
5,2692
1,2976
8,1852
1,1091
8,2956
14,3439
8,11
8,222
11,1928
8,1270
5,112
5,2340
8,1263
5,1422
1,274
1,2622
3,2837
1,176
8,2283
1,3129
1,703
10,2852
1,835
1,3010
1,925
8,158
1,1381
5,2334
8,2508
5,2700
8,2270
8,2498
5,913
8,2990
8,653
1,1137
1,974
8,1954
1,1017
8,2688
8,1175
8,3026
5,3489
1,2104
1,1837
5,461
1,1227
1,1086
1,1786
8,1159
1,2455
8,934
5,501
11,2769
1,183
8,2067
1,502
8,774
8,1511
1,1753
8,1352
5,938
1,3392
1,3321
1,2598
1,1249
8,33
1,2250
1,892
1,343
12,3414
5,1032
1,1524
1,3471
5,2961
1,2539
8,732
5,3098
1,758
8,1957
8,1157
3,2893
8,1014
1,985
1,645
1,3472
8,197
8,2627
1,1757
1,692
5,2716
8,2213
1,47
8,2119
1,339
10,3343
5,3154
1,3045
8,1683
1,1299
8,2514
8,1571
5,806
